[
	{
		"name": "TempMail.Best",
		"description": "Best Temporary Email.",
		"image": "/assets/images/projects/tempmail.best.png",
		"url": "https://tempmail.best"
	},
	{
		"name": "DNS.Surf",
		"description": "Querying DNS Resolution Results in Different Regions Worldwide.",
		"image": "/assets/images/projects/dns.surf.png",
		"url": "https://dns.surf"
	},
	{
		"name": "HTML.ZONE",
		"description": "Web Toolbox.",
		"image": "/assets/images/projects/html.zone.png",
		"url": "https://html.zone"
	},
	{
		"name": "Sink",
		"description": "A Simple / Speedy / Secure Link Shortener with Analytics.",
		"image": "/assets/images/projects/sink.cool.png",
		"url": "https://sink.cool"
	},
	{
		"name": "BroadcastChannel",
		"description": "Turn your Telegram Channel into a MicroBlog.",
		"image": "/assets/images/projects/broadcast-channel.png",
		"url": "https://github.com/ccbikai/BroadcastChannel"
	},
	{
		"name": "L(O*62).ONG",
		"description": "Make your URL looooooooooooooooooooooooooooooooooooooooooooooooooooooooooooooonger",
		"image": "/assets/images/projects/long.png",
		"url": "https://loooooooooooooooooooooooooooooooooooooooooooooooooooooooooooooo.ong"
	}
]